Case ID,Student Name,LLM Model,Original Code,New Code with Bug,Initial Reflection,GenAI Label,GenAI Guidance,New Reflection
1,Marcus Bennett,ChatGPT,"learning_rate = 0.001","learning_rate = 10","Model not learning properly maybe bad code","Bad","How does learning rate affect updates?","Learning rate too high causing unstable training"
2,Marcus Bennett,ChatGPT,"batch_size = 32","batch_size = 10000","Training is slow and crashing","Bad","What happens when batch size is too large?","Batch too large causing memory issues"
3,Marcus Bennett,ChatGPT,"num_classes = 10","num_classes = 5","Model accuracy is wrong","Bad","Does output layer match dataset?","Mismatch between classes and dataset"
4,Marcus Bennett,ChatGPT,"train_test_split(test_size=0.2)","train_test_split(test_size=0.9)","Model not performing well","Bad","How does train/test split affect learning?","Too little training data"
5,Marcus Bennett,ChatGPT,"import numpy as np","","Code not running","Bad","What happens when imports are missing?","Missing required library"
6,Marcus Bennett,ChatGPT,"input_size = 128","input_size = 1000","Error in model input","Bad","Does input match data shape?","Input size mismatch"
7,Marcus Bennett,ChatGPT,"loss = 'categorical_crossentropy'","loss = 'mse'","Accuracy is low","Bad","Is loss function appropriate?","Wrong loss function for classification"
8,Marcus Bennett,ChatGPT,"epochs = 10","epochs = 1","Model underfitting","Bad","What does number of epochs control?","Too few epochs"
9,Marcus Bennett,ChatGPT,"data_path = 'data/train'","data_path = 'wrong/path'","File not found error","Bad","What happens when path is incorrect?","Incorrect file path"
10,Marcus Bennett,ChatGPT,"normalize = True","normalize = False","Model performs poorly","Bad","How does normalization affect training?","Data not scaled properly"
